,Name,STATE_FIPS,1929,1930,1931,1932,1933,1934,1935,1936,1937,1938,1939,1940,1941,1942,1943,1944,1945,1946,1947,1948,1949,1950,1951,1952,1953,1954,1955,1956,1957,1958,1959,1960,1961,1962,1963,1964,1965,1966,1967,1968,1969,1970,1971,1972,1973,1974,1975,1976,1977,1978,1979,1980,1981,1982,1983,1984,1985,1986,1987,1988,1989,1990,1991,1992,1993,1994,1995,1996,1997,1998,1999,2000,2001,2002,2003,2004,2005,2006,2007,2008,2009
0,Alabama,1,4052.365555555555,3430.0226946107787,3161.597894736842,2536.860875912409,2739.4724615384616,3378.15723880597,3398.1408029197087,3874.01345323741,3977.8735416666664,3712.5551773049647,3889.4477697841726,4306.064071428572,5472.882653061225,6817.801595092024,8159.846589595375,8995.926477272727,9344.278222222221,8295.430666666667,7744.497085201794,7842.618132780082,7508.795,8091.872738589211,8622.737115384614,8953.883849056605,9328.74370786517,9083.927249070633,10190.5075,10695.30044117647,10849.006298932385,10897.588788927336,11250.290790378007,11292.183986486487,11386.963846153847,11842.158245033113,12325.360980392157,13079.836451612904,13825.717777777778,14362.060277777779,14734.96640718563,15510.778505747128,16063.969373297,16471.796984536082,17083.501851851852,18189.45282296651,19134.381081081083,18934.08695740365,19001.278903345727,20069.955202108962,20593.427871287127,21387.89110429448,21273.44163911846,20547.64567961165,20561.56594059406,20419.92067357513,21072.444487951812,22300.284889316652,23094.628912639408,23884.858339416063,24384.698450704225,25102.461149619612,25777.31260483871,25987.374016832444,26046.871013215863,26701.67565217391,26710.97001384083,27302.077058029692,27708.213720472442,27796.83029318037,28242.693289719628,29117.803993865033,29601.212599039616,29241.567520325207,29639.055782044044,30005.366631461922,30390.79839673913,31419.619401799893,31963.047050691242,32599.833621031747,33098.019484716075,32702.23732600103,32274.0
1,Arizona,4,7527.614035087719,6680.194011976048,6055.024539473685,5026.7428467153295,5082.876615384615,5795.701044776119,6514.408175182482,7130.654244604317,7508.795,7272.956453900709,7562.815107913669,7738.6560714285715,9311.19768707483,12069.351472392636,12450.586589595376,12799.082386363636,13396.643777777777,12289.119435897437,11409.905022421526,11786.182074688795,11763.478361344538,12168.965933609958,13392.059653846154,13892.282716981132,13788.220674157303,13526.198959107809,14024.956119402985,14591.670955882353,14452.617117437723,13993.157266435988,14553.128453608248,14923.36766891892,15089.341505016722,15394.095331125827,15452.272810457516,15986.466774193548,16427.40457142857,17129.852438271606,17689.66760479042,19061.73574712644,20395.62923705722,21249.115747422682,21956.934938271606,23029.36648325359,23816.506148648652,23190.01365111562,22043.876133829,22901.541968365553,23514.10485148515,24961.314141104293,25425.29404958678,24968.565898058252,25154.40424642464,24332.719844559586,25102.552188755024,26605.47877767084,27530.919107806694,28310.66269160584,28573.457834507044,28644.225824175825,28664.911419354838,28250.928133129306,27664.561901615278,27724.663913043478,27846.75413148789,28625.199986504726,29046.958385826772,29549.771236456345,30450.887208722743,31763.321601226995,32436.80968187275,31866.59341463415,31777.157447769623,31565.202073374094,31604.56479347826,32655.279835892004,33692.08564772145,34640.91480158731,34631.44654725044,33326.010157777644,32077.0
2,Arkansas,5,3889.267251461988,2929.008143712575,3034.569407894737,2458.562700729927,2590.9468461538463,2993.9118656716414,3241.544452554745,3812.2761870503596,3813.991111111111,3514.7551063829787,3843.1448201438848,3984.2585714285715,4991.268979591837,6330.815766871166,6932.149306358381,8374.256761363637,8819.854444444443,8317.434461538462,7128.785515695068,7887.127883817427,7328.5118067226895,7539.951825726141,7896.611884615384,8314.320716981132,8565.409812734082,8565.529293680298,9414.011641791045,9701.489338235295,9497.652241992882,9754.381245674742,10409.836563573883,10183.259628378379,10841.652408026755,11181.497947019869,11610.237647058824,12297.814483870969,12844.977206349206,13865.446851851852,14253.221646706588,14851.138879310347,15309.874741144413,15752.987448453609,16400.16177777778,17527.36495215311,19255.178941441445,19042.878539553752,18562.634479553904,19436.524340949032,20073.016336633664,21417.50510736196,20945.43052341598,19750.94274271845,20212.264774477448,19901.91941968912,20411.170803212855,21804.723002887393,22458.59449814127,22968.769689781024,23009.84866197183,23604.510498732037,23898.383717741937,23815.740879877583,24029.089096916305,25115.967391304348,25232.223633217993,25695.220985155196,26107.632559055117,26583.992058636075,27039.682074766355,27981.942453987733,28644.42393757503,27729.094128919864,28506.40702428007,28536.1638299055,29235.33009782609,30056.758628904183,30221.92495647721,30904.608219246034,32148.163854887094,31686.862700473288,31493.0
3,California,6,12433.109181286549,11394.869401197606,10571.592960526317,9082.588321167885,9010.554,9654.164999999999,10335.359124087592,11899.858057553956,11844.230208333332,11731.065744680851,12054.201223021582,12933.516285714286,14784.080340136055,16926.047975460122,19209.122138728322,19296.14039772727,18867.337277777777,18384.170615384617,16287.495112107625,15694.138215767633,15720.694453781514,16708.960539419084,17162.96,17867.289018867927,18070.925580524345,17761.11148698885,19044.16130597015,19679.037316176473,19690.068434163702,19271.212871972322,20200.391065292097,20460.741587837838,20664.433444816055,21340.038013245034,21748.16254901961,22657.875419354838,23272.156476190477,24254.59972222222,24909.415748502994,25935.550545977014,26539.454495912803,26623.599355670103,26666.15451851852,27977.061889952154,28735.395022522527,28516.449513184587,28276.61462825279,29465.846309314587,30339.638448844886,31647.497944785275,32050.52757575758,31318.756953883498,31165.688503850386,30622.09987564767,31213.410311244985,32886.72568816169,33713.81164498142,34506.00580291971,35173.86993838028,35749.5171682164,35926.29681451613,35929.612800306044,34691.3574743025,34744.90173913044,34039.3757716263,33979.9392780027,34483.58498687664,34953.533021032505,35768.1967788162,37221.51141104295,38516.21650660264,40210.11425667829,39672.99124788256,39234.392996108945,39410.6800923913,40503.086453149815,41153.095908858166,42746.7100843254,43398.46915241485,42226.23209616215,40902.0
4,Colorado,8,7954.178830409356,7425.292574850299,6647.824144736843,5543.510802919709,5825.5046923076925,5891.762388059701,6952.87795620438,8365.399568345323,7925.950277777777,7698.987375886525,7964.107338129496,8351.618928571428,9471.735578231293,11779.792331288343,12884.620982658958,12981.926420454545,14171.360722222222,13323.297794871796,13074.250358744395,12943.43560165975,12890.248319327731,13539.866265560164,14819.555846153846,15219.983396226415,14567.624756554307,14140.30115241636,14961.55421641791,15459.283823529413,16063.553309608542,16012.32903114187,16669.00883161512,16960.019594594596,17342.338762541807,17553.673079470198,17800.962189542483,18256.40664516129,19069.955555555556,19745.349814814814,20181.89383233533,20843.379224137934,21547.23111716621,22421.328221649484,23376.587185185184,24589.63557416268,25657.465540540543,25518.15350912779,25206.10366171004,25997.05826010545,26788.803283828383,28097.10802147239,28356.708705234163,28142.359623786408,28654.496336633663,28779.082538860104,29229.589257028118,30458.472444658328,30737.011078066917,30872.97047445256,31003.995853873243,31346.340194420965,32090.582870967744,32341.41171384851,32270.334207048465,32795.260434782605,33444.01703806229,34016.12973009447,35003.03480971129,35866.9219056724,37360.1816199377,39301.07251533742,40622.95439375751,41049.82353658537,41463.42425748165,40502.057426347965,39749.975021739134,40366.80037586024,41070.70842805939,42207.17506944445,42593.4716796404,41570.57311324041,40093.0
5,Connecticut,9,12847.127953216373,11831.65131736527,11305.53532894737,9708.97372262774,9621.159307692307,10454.67619402985,11055.702335766424,12440.059136690646,12812.626388888888,11700.634964539007,12903.088633093525,14067.497571428572,16710.535034013606,18663.40282208589,19754.76537572254,19491.17403409091,18652.800277777777,17382.99794871795,16374.079551569508,15311.354356846472,14990.547521008404,16833.58784232365,17806.571,18604.000981132078,19227.979063670413,18742.07992565056,19828.6622761194,21169.753970588237,21453.7,20273.375328719725,20878.65237113402,21207.272364864864,21826.80782608696,22554.800496688742,22785.79248366013,23536.78506451613,24402.732412698413,25651.738827160494,26945.590269461078,27390.456637931038,28334.082806539507,28144.157989690724,28075.212345679014,29239.64806220096,30155.977860360363,29647.88196754564,28866.79076208179,29729.775834797892,30842.34891089109,31983.123312883432,32419.909462809923,32386.234745145633,32723.38289328933,33132.07161658031,34030.82392570282,36299.90818094322,37410.387834572495,39223.47085766424,41349.362808098595,43536.68435333897,44632.34668548387,43885.70185156848,42313.564104258454,43786.65,43949.6489550173,44198.67533063428,44972.52978346457,45767.89333333333,47580.43023052959,49293.49523926381,50608.06782713085,50631.72868757259,51216.31746470921,50111.502373540854,49434.4550326087,51117.50043938592,51653.65496159754,54414.28780257937,55801.43149964792,54334.00155130212,52736.0
6,Delaware,10,12947.496140350877,11009.473592814371,10938.564144736843,9239.184671532848,9307.60523076923,10326.594402985074,10977.404160583943,13396.986762589928,14138.58423611111,12096.23510638298,13875.450575539568,15737.821357142857,16987.82775510204,16991.856871165644,18155.038612716762,18333.16181818182,18187.97011111111,17217.96948717949,16008.500807174889,14999.78609958506,16270.558193277311,18471.546680497922,17781.81673076923,18166.831245283018,18810.154194756553,18391.164386617103,20068.815634328355,21682.43430147059,20193.963167259786,19679.501280276818,20082.43257731959,20330.27989864865,20198.04866220736,20835.662947019868,21376.57885620915,22214.960322580646,23619.502095238095,23903.659567901235,24312.05224550898,25146.448936781613,25843.816811989098,25479.033402061857,25913.950716049385,27217.45720095694,28368.169527027032,27620.00687626775,26833.075706319705,27708.829753954305,28013.717508250826,28488.670950920245,28217.82111570248,28126.737997572818,28021.97800880088,28294.429005181348,29141.275833333337,30592.687122232917,32013.067583643126,32848.04194343066,33867.00722711268,35022.30383770076,36211.769435483875,35514.326947207344,35192.25883994127,35313.73826086956,35369.65364013841,35510.07159244265,35743.49715879265,36426.16749521989,36631.691495327104,38920.69709815951,39633.97230492197,38939.337601626015,39568.811789949184,39905.79005558643,39786.11984239131,40883.55175224987,40970.74495135688,41883.66689484127,41647.7548542987,40553.2056032661,40135.0
7,Florida,12,6498.840116959064,6037.867664670659,5617.481973684211,4995.423576642336,4752.819692307692,5571.557910447761,5888.022773722629,6945.442446043166,7255.522152777778,6999.079432624114,7639.986690647482,7999.165285714286,8887.961428571429,10358.320184049078,12512.591502890173,13579.216931818182,13992.579888888888,12861.218102564104,11227.115650224216,10691.242199170123,10889.10487394958,11608.143070539418,11452.97523076923,11933.114641509434,12590.991722846442,12457.501635687733,13392.552276119402,14126.314963235294,14017.435302491103,14008.00411764706,14818.535051546392,14662.444290540541,14630.1318729097,15010.486125827814,15424.228758169935,16249.447612903226,17013.124634920634,17778.76064814815,18685.273443113772,20029.618189655175,21389.397356948226,22150.39231958763,22703.8415308642,24137.978732057418,25295.071959459463,24438.941014198786,23507.353438661714,24040.20934973638,24816.903795379538,26063.613144171777,26237.934201101933,26163.62030339806,26421.801045104512,26209.084901554404,27219.920371485947,28420.474186718,29319.39205390335,30189.818895985405,31000.218794014087,31904.898064243447,32950.461008064514,32590.911514919666,31800.936071953016,31593.36391304348,32146.402242214535,32339.78798920378,33098.385459317586,33658.653868706184,34382.06052336449,35444.671226993865,35773.33649459784,35064.71466318235,34950.99674760023,35178.582340188994,35301.830157608696,36867.6553414505,37854.30117767537,39304.11487103175,39092.04308340809,37673.48757797151,36565.0
8,Georgia,13,4353.470116959064,3943.88377245509,3613.2547368421056,3131.9270072992704,3366.580615384615,3906.4946268656713,4196.782189781023,4661.163597122302,4663.200069444444,4412.463120567376,4769.20381294964,5164.212071428572,6115.034217687075,7462.728773006134,8990.712427745664,10129.559488636363,10476.556833333332,9296.603333333334,8533.377533632287,8795.126804979252,8734.720714285715,9480.576970954357,9934.713384615385,10362.541886792453,10654.534157303371,10383.909814126395,11391.274291044776,11823.197169117648,11627.752704626335,11751.282733564016,12238.193127147766,12306.886013513513,12513.462474916389,13099.543973509933,13748.596633986928,14408.581741935484,15378.557015873015,16302.163395061729,17053.764520958084,17822.599626436782,18484.08702997275,18766.45819587629,19419.57140740741,20724.89009569378,21729.119121621625,21179.545212981746,20544.509739776953,21468.781687170474,22023.674537953797,22996.91860429448,22818.93545454546,22062.9434223301,22267.94933993399,22351.865264248703,23368.59350401607,25160.089942252165,26205.016644981417,27384.786770072995,27988.013556338028,28791.119289940827,29071.493637096773,29115.970206579957,28808.129170337743,29562.678695652172,29885.226802768168,30646.074831309044,31293.684448818898,32250.284780114725,32811.4625482866,34396.99360736196,35206.732172869146,34809.313472706155,34640.88115189159,34178.045692051135,33882.85445652174,34065.84073583907,34600.5449359959,34839.91489583333,35071.194524023114,34005.583754058236,33086.0
9,Idaho,16,6360.833859649122,6461.803053892216,5278.739342105264,4290.740000000001,3746.1460769230766,6452.120223880596,6248.194379562045,7331.300359712231,6302.024375,6481.756170212766,6744.796330935252,7095.045071428572,8698.234829931973,12029.866134969325,12711.007225433525,13347.614488636364,13527.749722222221,13235.282615384616,12294.990403587444,11973.123029045642,11511.081890756303,11830.69182572614,12352.380346153846,13309.389735849058,12454.395131086143,12433.57557620818,12776.158656716418,13629.409411764706,13612.79256227758,13488.364325259517,13941.21879725086,13756.460337837838,14170.922240802676,14861.304768211921,15199.87633986928,15571.233870967742,17394.523746031748,17156.33848765432,17696.090868263473,17939.731896551726,19109.576376021796,19673.264072164948,19922.80634567901,21299.726076555024,22753.48497747748,23420.651805273836,22215.346226765803,23059.899683655538,23046.796534653466,24082.76538343558,23327.20493112948,22742.48416262136,22197.14504950495,21389.22774093264,22218.365010040165,22855.727170356113,23222.234563197027,23426.81401459854,23816.25094190141,24569.292273879968,25611.219443548387,26043.183182861518,25509.74093245228,26356.092173913043,27107.38094117647,27281.8104048583,27633.60439632546,27829.646660293183,27843.026230529595,28854.568411042947,29405.47656062425,30124.881881533103,30434.93838509317,30391.747887715395,30212.406217391304,31625.184235045,31859.78807475678,32940.36854166667,33284.265686643324,32207.005541028226,30987.0
10,Illinois,17,11893.630175438595,10367.147245508982,9470.679407894737,7610.582627737227,7211.743769230769,8085.163059701492,8972.97087591241,10032.305755395684,10890.732430555556,9859.572765957448,10865.758848920863,11508.377642857144,13018.163537414966,13635.603190184049,15600.436184971097,16894.78875,17460.928055555556,16876.910666666667,15767.988475336324,16165.941576763484,15188.859033613446,16299.470829875518,16717.383153846153,16928.18366037736,17749.521835205993,17362.343828996283,18171.60410447761,19339.87955882353,19254.886619217083,18640.221695501732,19477.895326460482,19569.25337837838,20011.49474916388,20615.44284768212,20899.82996732026,21668.237,22883.946666666667,23830.822932098767,24312.05224550898,24936.843821839084,25452.155258855582,25324.21288659794,25818.600938271607,27027.556028708135,28522.790788288294,28129.151480730226,27857.908587360598,28741.92532513181,29684.698762376236,30525.456273006133,30268.629352617085,28840.125594660196,28911.75192519252,28392.248984455957,28624.319206827313,30315.998402309913,30920.4442007435,31875.187116788326,32650.79395246479,33479.015697379546,33969.51175806452,34069.85441469013,33582.44375917769,34809.1252173913,34720.84624221453,35379.785964912284,36098.24337926509,36925.24974506055,37890.84323364486,39451.11679754601,40106.57181872749,40190.18050522648,39743.251812535294,39741.22026125625,39881.72872282609,40430.40054526204,40452.25307219662,41736.811210317464,42669.00486153312,41899.39904692457,40933.0
11,Indiana,18,7615.436198830409,6603.114850299401,6182.05302631579,4854.48686131387,4851.836769230769,5747.670373134328,6592.706350364964,7423.906258992805,8149.426319444444,7181.664113475177,7994.975971223022,8443.563357142857,10566.312108843538,12016.70435582822,14112.318265895952,14603.143522727272,14910.3215,13246.284512820514,12631.707668161436,12961.239502074688,12268.271302521009,13566.572116182571,14118.184884615384,14394.218339622643,15612.186928838952,14395.5124535316,15265.748470149252,15837.878529411766,15590.197651245551,14958.202595155712,15710.596116838487,16010.548412162163,16115.388026755852,17042.19413907285,17429.378496732028,18111.07512903226,19451.354666666666,20136.01904320988,20252.54973053892,20966.676350574715,21710.91057220708,21066.648711340207,21745.04654320988,22865.127631578947,24642.763513513517,23673.04827586207,23248.154460966547,24568.06840070299,25486.004339933992,26343.300950920242,26045.855619834714,24601.457682038836,24439.28091309131,23783.59405181347,24131.104528112453,25696.94865255053,26205.016644981417,27053.97697992701,27693.402887323944,28319.609399830937,29014.399112903226,28930.48680183627,28439.541372980915,29464.814347826086,29859.987155709343,30621.46532388664,30751.711056430446,31141.365041427664,31743.455925233644,33143.99223312883,33665.31087034814,33651.91002903601,33422.22377188029,33461.332312395774,33916.66735326087,34214.61970354685,33798.64012288786,34378.064409722225,34301.37688939048,33857.11386278872,33174.0
12,Iowa,19,7289.239590643275,6551.728742514971,5645.71052631579,4650.911605839417,4175.220076923077,4306.750223880596,6655.34489051095,6065.686402877698,7791.864652777777,6968.648652482269,7331.300359712231,7677.359785714286,8887.961428571429,10990.085582822085,12698.606242774566,12226.171079545455,13015.244666666666,13697.362307692309,11708.140313901346,14617.002240663898,12223.20050420168,13637.787717842322,13515.831,13965.144339622642,13314.150149812735,14259.931449814128,13368.536940298507,13866.031102941177,14803.816476868327,14772.616955017304,14936.4935395189,14937.863412162162,15641.828093645485,16225.248609271524,17050.783790849673,17640.477838709678,19294.708603174604,20308.17836419753,19867.15392215569,20418.004137931035,21348.47749318801,21354.172525773196,21215.325555555555,22957.511985645935,26082.674009009013,24351.907748478705,24691.69338289963,24809.37539543058,25783.382359735973,27764.77309815951,26932.372148760336,25179.45785194175,25886.048580858085,24959.65698445596,24738.52856425703,26425.83759384023,26707.46389405205,27443.51040145986,28137.20742077465,27773.746027049874,28654.530596774195,28528.332517215,28130.809713656392,28960.201304347825,28103.604657439446,29673.275479082324,29816.982919947506,31056.589426386236,31810.289881619938,32699.12409815951,32985.38568427371,33293.1025029036,33089.091784302655,33667.64082267926,33620.51301630435,35237.90100052938,34774.10789554531,35306.02206845238,36222.816872606614,36595.337092376794,35983.0
13,Kansas,20,6674.484444444444,5999.328083832335,5659.82480263158,4165.462919708029,4125.711538461538,4594.934253731343,5668.787883211679,5973.0805035971225,6376.516388888888,5827.494397163121,5895.9089208633095,6512.730357142857,8056.0832653061225,11200.674049079755,12959.026878612716,14249.64505681818,13885.31138888889,12498.155487179489,12602.846188340809,12035.436680497924,11709.393403361346,13023.55315352697,13218.779769230769,14790.909396226416,13973.027827715356,14283.857509293683,14032.961231343283,14362.936654411766,14590.042953736654,15574.346920415226,15526.285979381444,15691.642060810811,15979.060167224081,16374.429966887417,16714.25516339869,17412.099741935483,18313.968031746033,19162.65672839506,19475.3348502994,20146.750459770115,20740.525231607626,21099.824536082477,21956.934938271606,23676.05696172249,25483.516621621624,24878.459006085195,24667.767323420077,25341.004868189808,25868.347508250827,26593.374754601224,27304.709090909095,26134.98065533981,26546.888624862488,26653.721170984456,26651.268082329323,28085.96991337825,28571.70269516729,29173.900072992703,29428.961892605636,29616.261597633136,29573.233395161293,29844.77225707728,29663.441879588845,30513.797826086957,30450.891833910035,30909.541322537112,30813.650872703412,31614.467667304016,32554.820155763242,33808.662079754606,34542.25983193277,34654.82689895471,35104.84315640881,34663.40733185103,35105.948548913046,35412.80146638433,35555.14121351766,37175.771617063496,37814.18719796278,37847.864967046444,37036.0
14,Kentucky,21,4930.587192982456,4175.12125748503,4107.254407894738,3304.18299270073,3383.0834615384615,3730.382164179104,4149.803284671533,4537.689064748201,5080.355347222222,4518.97085106383,4707.46654676259,4903.702857142857,5764.769727891156,7081.03717791411,8693.088843930635,9349.424943181819,9570.733944444444,9087.567282051283,8321.726681614351,8857.440456431534,8455.281764705884,8812.93070539419,9513.890807692307,10014.425245283019,10485.797191011236,10280.23022304833,10774.880671641791,11334.179007352941,11383.440106761565,11454.345709342562,11825.338419243986,11835.774358108109,12420.18551839465,12943.258741721855,13362.99091503268,13647.32141935484,14534.030412698412,15421.50225308642,16064.581946107784,16756.07948275862,17367.55931880109,17605.30432989691,17962.838691358025,19067.10418660287,20028.28524774775,20048.112758620693,19671.208568773236,20594.043831282954,21577.607508250825,22322.377423312882,22576.620936639123,21430.26756067961,21500.902860286027,21318.085937823835,21236.14741967872,22841.273282001926,23044.782955390336,23479.66528284672,24139.189559859158,24609.18926458157,25263.461887096775,25416.15078806427,25582.198362701914,26484.539130434783,26449.66543252595,26801.201201079624,27049.399311023622,27558.911631612493,28357.64769470405,29420.524914110432,29923.1468727491,30266.90986062718,30061.830559006212,30167.551356309057,30055.001353260872,30540.574203282158,30627.271362007166,31278.13246031746,31499.40625150717,31190.634473277198,31250.0
15,Louisiana,22,5194.053684210526,4560.517065868264,4488.339868421053,3773.9720437956207,3746.1460769230766,4242.709328358209,4541.294160583942,5093.324460431654,5259.136180555555,5294.955744680851,5556.353956834532,5577.962,6552.864829931973,7791.773251533742,9747.172369942196,10678.09159090909,10595.744055555555,9164.580564102565,8514.136547085203,9071.087261410787,9681.207478991597,9943.478381742738,9984.221923076922,10346.35041509434,10791.13074906367,10678.997881040894,11183.141380597013,11846.859338235294,12337.786192170819,12137.300865051904,12422.503264604811,12248.903040540541,12491.937023411372,12829.596754966888,13384.023954248367,13861.85841935484,14568.083904761905,15434.745277777778,16231.586796407186,16947.190028735633,16958.36068119891,17174.018608247425,17629.114469135802,18440.9435645933,19298.666171171175,19626.0014198783,19762.925130111526,20952.233901581723,21719.21608910891,22871.881702453986,23087.845468319563,22997.6373907767,23688.755434543455,23472.348663212437,23403.05727911647,24009.973397497593,24167.31391263941,23544.261277372265,23164.708116197184,23780.41995773457,24216.728943548387,24987.733366488144,25322.296710719533,25946.285217391305,26304.16629065744,27184.819993252364,27508.317040682414,27694.279145952838,28349.627619937695,29419.20873619632,29420.929405762305,29070.884773519167,30425.247272727276,30627.869766536962,30821.038358695652,31545.684023292746,32718.81487455197,35583.77086309524,36200.05344792661,35602.88063798461,35151.0
16,Maine,23,7540.1600584795315,7399.599520958084,6930.109671052632,5903.682408759125,6122.555923076923,6660.253134328358,6733.643065693432,7809.76417266187,7598.185416666666,7166.448723404255,7639.986690647482,8060.461571428572,9209.037210884355,11279.64472392638,13665.882890173409,13432.941704545454,12860.301277777777,12476.151692307694,11246.356636771301,11038.41825726141,10663.750882352942,10637.83049792531,10883.627038461538,11641.668150943397,11642.850674157304,11548.311375464686,12656.081977611939,13164.053419117647,13131.802135231317,13339.89581314879,13638.950171821307,13908.665641891892,13654.311404682274,14086.98248344371,14365.565784313725,15308.253032258064,16229.894317460317,16812.019845679013,17073.034311377247,17705.467356321842,18355.481743869208,18926.808015463917,19038.172296296296,19831.84133971292,20869.038355855857,20731.323894523328,20014.14875464684,21521.567592267136,21743.997590759074,22213.792745398772,22154.048057851243,21891.105533980583,21786.480165016503,21949.46944041451,22726.705692771087,24086.372521655438,24988.77528810409,26353.2083120438,27563.0943221831,28676.868816568047,29215.09501612903,28690.835677123185,27820.502892804703,28059.543478260868,27926.92712802768,28273.42879217274,28492.315485564304,29114.954372211603,29814.627943925236,30968.350141104296,31682.19574429772,31922.657090592336,32789.87869000565,33070.18091717621,33494.589125,34299.798501852834,33747.01063492063,34415.31041666667,34786.65171552315,34781.812245997506,35268.0
17,Maryland,24,9635.34596491228,9146.727185628743,9004.908289473686,8017.733138686132,7690.326307692308,8373.347089552239,8581.480000000001,9538.40762589928,9907.437847222222,9631.341914893617,10232.951870503597,10880.090714285714,12697.087755102042,14701.707300613496,15960.064682080923,16139.03340909091,15637.363555555556,14467.49512820513,13035.768385650224,13352.925311203318,13485.182857142858,14617.002240663898,14976.332884615384,15738.110490566038,16206.783857677903,15456.234423791824,16386.464141791042,17226.05911764706,17308.020604982208,16762.09501730104,17133.470378006874,17445.626993243244,17988.10230769231,18740.020066225166,19083.977581699346,19938.099903225808,20806.68365079365,21745.04654320988,22584.194371257487,23617.56456896552,24604.529509536784,25285.50775773196,25924.54513580247,27155.86763157895,28131.405720720726,27772.31509127789,27427.239516728627,28413.89862917399,28997.89714521452,29818.010644171776,29653.977892561987,29238.4770631068,29272.853806380637,29448.26012435233,30646.912008032134,32403.552848893167,33817.49123605948,35167.625383211685,36289.991126760564,37405.24228233305,38064.746266129034,37791.01263198164,37128.1323568282,37246.55913043478,37271.53528027682,37704.66060728745,37862.12041994751,38072.45524537923,39060.437470404984,40604.08865030675,41806.38478391356,42199.7518234611,42919.51389045737,43280.663374096715,43500.874635869564,45032.327088406564,45648.15686123911,46812.90987103175,47417.24830955619,46872.64218334162,47159.0
18,Massachusetts,25,11366.697192982456,10739.696526946109,10712.73572368421,9599.356277372264,9225.091,9750.22634328358,10069.145328467155,11020.102014388489,10905.630833333333,10224.742127659574,11174.445179856115,11937.451642857142,13149.512721088437,14122.589018404908,15650.040115606935,15834.293352272727,16066.437555555554,15358.648820512823,13805.407847533634,13459.748713692945,13340.95630252101,14741.629543568462,14992.835730769231,15341.419433962265,15644.327303370786,15392.431598513012,16578.58682835821,17304.933014705883,17529.428896797155,17229.77083044983,17914.945360824742,18199.40564189189,18691.267056856188,19421.99198675497,19623.825588235293,20291.04787096774,21119.975777777778,22056.25762345679,23014.553023952096,24061.434224137935,24592.838119891006,24804.458298969075,25151.15249382716,26206.36177033493,26821.95691441442,26214.41963488844,25676.64949814127,26370.33001757469,27033.07808580858,27902.971779141102,27990.28187327824,27788.269429611653,27920.491859185917,28463.390787564767,29852.09119477912,32106.21571703561,33336.97620817844,35144.135930656936,36833.887746478875,38689.19998309383,38855.41891935484,38119.30184391737,37408.51110866373,38038.64869565218,38102.958948096886,38855.51698380567,39488.040597112864,40498.13171446782,41880.83042990654,43952.44526380368,45780.34145858343,47332.69282229966,47543.38587803501,46792.67818788215,46485.73724456522,47463.89785071466,47806.708858166916,49902.200104166666,51073.882074061214,50426.95159380037,49590.0
19,Michigan,26,9911.358479532164,8440.168203592815,7621.709210526316,6169.896204379563,5726.487615384615,7252.631417910447,8299.606569343066,9553.841942446043,10205.405902777777,8703.203120567376,9646.447841726618,10420.368571428571,12098.71925170068,13819.868098159508,16790.930520231213,16955.736761363638,15792.306944444445,14621.521692307693,14103.643139013455,13913.748174273858,13764.62180672269,15293.550456431534,15644.698153846153,16070.03566037736,17693.276179775283,16556.833159851303,17915.440522388057,17943.811580882353,17628.680889679716,16673.013910034602,17384.132164948453,17670.311013513514,17414.090267558528,18413.241854304637,19126.04366013072,20408.69719354839,21896.395396825395,22844.217592592595,22828.278383233534,24079.928793103452,24230.40504087193,23189.901494845362,23842.741654320987,25487.816794258375,26826.788828828834,25787.95663286004,25038.621245353163,26709.66797891037,28169.48694719472,29067.78923312883,28666.98949035813,26996.773701456314,26256.59103410341,25482.10460103627,26371.249909638558,28032.284042348412,29377.213364312272,30483.43705291971,30461.987764084508,31188.565731191884,31619.985580645163,31223.586947207346,30428.97038179149,31007.70695652174,31757.41474048443,33095.44462887989,33750.16125328084,33427.57195028681,34178.88529595016,35282.78134355829,36202.152947178874,36892.390499419285,36579.10362507058,36264.981489716505,36664.83968478261,36218.02503970355,35718.81767537122,35598.66926587302,35636.14133653577,35089.71289299267,34280.0
20,Minnesota,27,7515.068011695906,7091.282874251498,6450.22427631579,5684.447518248176,5082.876615384615,5731.660149253731,7062.495401459855,7284.997410071943,8045.1375,7516.402695035461,7979.541654676259,8029.813428571429,8975.527551020408,10489.937975460121,11743.730578034681,12262.739886363635,13229.781666666666,13092.25794871795,12218.026457399104,12916.729751037343,11970.804033613445,12792.102448132779,13053.751307692308,13220.336641509435,13748.04520599251,13749.508847583646,14329.150373134327,14497.022279411765,14735.103558718862,14965.626020761247,15224.017353951891,15619.163344594595,16043.63652173913,16559.130695364238,17247.092156862745,17578.19290322581,18940.552285714286,19844.6725,20438.824371257484,21348.897442528738,22090.88073569482,22410.269613402063,22645.572222222225,23753.043923444977,26242.127184684687,25405.010263691685,24787.397620817846,25371.168242530755,26760.481567656767,27873.35777607362,27804.11340220386,26869.19708737864,26716.81892189219,26660.390715025907,27127.29897590362,29434.311212704524,30093.001310408927,31086.33300182482,31914.26727992958,31903.084564666104,32813.78017741936,32846.97710022954,32273.484530102796,33179.072173913046,32764.031252595156,33971.25356950067,34606.05689632546,35916.14645634162,36822.8366105919,38831.197,39653.28836134454,39993.33470963996,39775.95931677019,40013.11818232351,40510.1822173913,41459.3604287983,41083.89042498719,41893.24443948413,42483.79336072769,42148.5096027459,40920.0
21,Mississippi,28,3588.1626900584793,2594.9984431137727,2469.998355263158,1988.7736496350367,2161.8728461538462,2785.7789552238805,2771.7554014598545,3534.458489208633,3337.242222222222,3058.2934042553193,3164.0348920863307,3294.675357142857,4480.466598639456,5778.021042944785,6609.7237572254335,7667.2598295454545,7496.876277777777,6722.159333333334,6445.730493273543,7139.3640663900405,6354.982563025211,6854.501659751037,7021.961038461538,7334.736679245283,7552.988014981273,7401.127732342008,8365.341977611939,8289.646580882354,8115.759110320285,8581.480000000001,9178.644845360825,8965.617195945946,9485.548963210702,9675.476622516557,10509.508594771241,10775.293838709678,11496.458920634921,12176.961203703704,12852.950209580838,13544.189339080462,14076.433133514985,14602.89219072165,15187.100716049383,16464.944880382776,17457.70677927928,17128.14669371197,16768.18001858736,17935.89646748682,18617.98816831683,19104.322423312882,19352.655826446284,18423.104514563107,18647.4899559956,18454.6283626943,18556.58890562249,19539.592213666987,19782.863513011154,20148.07792883212,20609.527121478874,21208.877557058328,21695.919193548387,21607.995929609795,21746.680044052868,22495.037826086955,22965.109453287198,23956.631666666668,24191.721423884515,24672.438674314853,25243.185327102805,26340.668595092025,26640.705018007204,26154.327764227644,26919.487374364766,26879.733073929958,27242.701114130436,27826.2098305982,28692.81331285202,29026.34529761905,29770.420676949194,29485.72182923601,29318.0
22,Missouri,29,7791.080526315789,7206.901616766468,6930.109671052632,5715.766788321169,5511.950615384615,5875.7521641791045,6577.046715328468,7192.391510791367,7568.388611111111,7227.310283687943,7778.895539568345,7953.193071428572,9340.386394557823,10608.39398773006,11942.146300578033,13018.495227272728,13468.156111111111,13103.259846153847,11775.483766816144,12249.083485477177,11961.789873949581,12703.08294605809,12822.711461538462,13430.825773584906,13956.957640449438,13765.459553903347,14553.293507462686,15025.477389705882,14880.164163701069,15173.481937716264,15673.73408934708,15626.411216216216,15892.958361204013,16552.026821192052,17015.728725490197,17529.74906451613,18647.692253968253,19169.278240740743,19700.14907185629,20775.565804597703,20816.519264305174,21249.115747422682,21755.640962962963,22803.538062200958,23855.161463963967,22985.48547667343,22861.349832713757,23776.279824253077,24749.639719471947,25622.693542944784,25747.395055096422,24447.845024271846,24680.015500550056,24532.806165803107,25236.09931726908,26760.34186717998,27650.549405204463,28392.875775547447,28800.08142605634,29171.95420118343,29555.93202419355,29137.30900535578,29234.997944199713,29882.26695652174,30131.684532871972,30786.493785425104,31102.234107611548,31584.38599745061,32417.142205607477,33434.86755214724,33965.353613445375,34192.61303716609,34107.869971767366,34310.4170483602,34631.4020326087,35033.47188459503,34760.925898617505,35494.38044642857,35757.20136778848,35647.720538032445,35106.0
23,Montana,30,7427.245847953216,6436.110000000001,5391.653552631579,5308.6162773722635,4917.848153846154,5827.721492537313,7453.986277372263,7331.300359712231,7627.982222222222,7866.356666666667,8226.49071942446,8719.396642857144,10405.774217687076,11858.763006134968,14261.130057803468,14420.299488636363,14373.979,14390.481846153847,14276.81201793722,14617.002240663898,12727.993445378152,14723.825643153525,14902.070076923077,14758.526452830189,14543.51947565543,14124.350446096656,15161.682014925373,15214.77474264706,15139.746298932385,15351.644152249137,14914.376323024055,15039.333614864865,14529.679765886289,16786.454668874172,16335.66045751634,16374.017483870968,17353.659555555554,18076.728703703706,18017.254041916167,18217.150431034486,19197.26179836512,20043.72744845361,20071.12822222222,22351.881220095696,24217.555045045046,23411.948478701826,23104.598104089222,23376.6151142355,23492.863564356434,25405.524187116564,24524.00224517907,23804.75474514563,24177.30503850385,23725.791336787566,23790.774748995987,24168.96616939365,23726.675650557623,24399.66884124088,24543.334964788733,24231.98135249366,25299.794766129035,25481.808630451418,26004.341651982384,26169.538260869565,26831.22950865052,26243.8682388664,26414.516194225722,26503.31848948375,26956.80796884735,28066.1778404908,28354.683091236497,28117.802282229968,29487.632151326936,29454.415580878263,30271.870277173915,31251.53323980942,31842.212078853045,32927.59848214286,33757.12409931418,33174.55093983828,32699.0
24,Nebraska,31,7477.429941520468,6693.040538922156,5829.196118421053,4807.50795620438,4538.282692307692,4146.647985074626,6404.790729927008,6111.989352517986,6182.837152777777,6162.232978723404,6173.726618705036,6773.239571428571,8041.4889115646265,10818.98245398773,12636.601329479769,13298.856079545454,14135.604555555556,13048.250358974361,12256.508430493275,13869.238423236513,12133.058907563027,13887.04232365145,13540.585269230769,14256.59083018868,13466.81692883895,13980.794089219333,13208.434701492537,13211.377757352942,14780.912170818507,15032.436851211074,14907.003917525773,15401.727195945947,15311.771170568562,16282.079602649006,16412.78160130719,16553.951741935485,18089.214984126986,19136.170679012346,19205.557784431137,19524.099971264368,20880.821907356945,20989.23845360825,21829.80190123457,23234.66504784689,25459.35704954955,23781.839858012172,24595.989144981417,24330.531827768013,24756.72014851485,26718.411656441716,25957.203966942154,24140.619708737864,25218.128107810782,24961.880165803108,24988.390933734943,26776.860596727623,27401.31961895911,27825.214005474456,28394.047491197183,28986.97724429417,29201.25391935484,29690.476327467484,29559.481218795892,30105.52,29941.644837370244,30643.1795951417,31245.82186351706,32877.89780114723,32868.939750778816,34037.677036809815,34832.00067827131,34671.023072009295,35248.9984528515,35178.582340188994,36450.30268478261,36764.30506617258,36684.39895033282,36983.15655257937,38159.777372650016,37992.349089422816,37057.0
25,Nevada,32,10889.948304093567,10701.156946107785,9202.508157894737,8612.799270072994,8168.908846153846,8741.58223880597,10304.0398540146,13011.128848920864,11352.582916666666,11868.004255319149,13288.94654676259,13715.04392857143,14331.655374149661,20506.05190184049,18737.88479768786,18077.180170454547,19201.0615,19330.333794871796,17028.273094170407,15649.62846473029,16180.416596638657,17723.782863070537,18243.896423076923,19405.47883018868,19661.87411985019,19260.477881040893,20228.917873134327,19623.825588235293,19560.27736654804,19256.36602076125,20266.742714776632,20946.348986486486,21216.920033444818,22618.73536423841,22252.95549019608,22208.03977419355,22468.494063492064,22983.269351851854,23509.144311377248,25362.21890804598,26422.54059945504,27347.93819587629,27688.51602469136,28521.103086124403,29542.324729729735,28242.294726166332,27949.625148698888,29103.8858172232,30268.83415841584,32180.55,31811.168112947664,30670.45946601942,30162.62772277228,28870.232974093266,29003.420732931732,29805.982627526468,30569.528661710043,31372.12134124088,31889.71639084507,32969.42231614539,33855.32270967742,33935.25583779648,33524.162782672545,34702.08608695652,34838.136366782004,35662.071491228075,36330.51769028872,37112.57650732951,37695.688080996886,39229.99890797546,39948.18015606242,38034.84362950058,37211.44870694523,36788.50424124513,37522.98768478261,39474.12656961355,41254.15788530465,41132.36172619048,41725.35743843505,40188.50774954367,38009.0
26,New Hampshire,33,8606.572046783625,8311.702934131737,7875.766184210527,6686.664160583942,6865.184,7620.866567164178,7798.498248175183,8288.227985611511,8417.597569444444,8109.802907801419,8658.651582733813,8872.637357142858,10332.802448979592,11200.674049079755,12103.359075144508,12847.840795454546,13241.700388888888,12652.182051282052,11708.140313901346,11492.417717842323,11484.039411764707,11999.828879668048,12443.146,12766.975433962265,13282.0097752809,13582.026431226768,14641.34973880597,14986.04044117647,15322.980747330961,14876.544913494812,15658.989278350517,15923.573952702704,16366.518294314381,16992.46701986755,17015.728725490197,17661.23948387097,18443.3713015873,19619.541080246916,20310.359101796406,21213.270603448276,21886.28141689373,21542.168865979384,21729.15491358025,22700.888779904308,23579.742342342346,22972.430486815418,22299.087434944242,23595.29957820738,24399.158481848186,25619.403098159506,25948.338801652895,25814.737317961168,26148.024455445546,26469.197119170985,28090.13069277109,30010.40190567854,31540.527908921937,33225.83063868614,34694.183336267604,35832.9381487743,35701.37899193548,33999.27223412395,33591.89472834068,33876.355652173916,33436.593612456745,34482.26275303644,35204.339212598425,35608.49301465902,36901.70067912772,39062.84431288344,40066.65196878752,41526.987711962836,41114.54421230943,40945.68035019455,40682.74458695652,41746.69690841715,41233.28639016896,42563.67256448413,43167.730802249425,42309.93324291812,41882.0
27,New Jersey,34,11517.249473684209,10881.008323353293,10388.107368421053,9192.205766423358,8630.988538461539,9173.858283582089,9787.27189781022,10942.930431654677,11129.106875,10605.126879432624,11560.303093525179,12565.738571428572,13966.796530612246,15359.796257668711,17721.00421965318,18942.641931818183,18855.418555555556,16788.89548717949,15113.794932735427,14670.413941908711,14638.995294117649,16041.31427385892,16502.846153846152,17114.38558490566,17934.328988764046,17697.308661710038,18411.757462686564,19308.33,19476.29491103203,18744.149653979242,19610.598625429553,20033.11716216216,20305.675919732443,21240.58377483444,21481.74405228758,22311.848,23251.724380952382,24181.763086419753,24999.34143712575,26120.496235632185,26451.76907356948,26734.18543814433,27158.795037037038,28336.33437799043,29199.25880630631,28616.53776876268,28061.280092936806,29043.5590685413,29957.29528052805,30956.5045398773,30936.471804407716,30665.252257281554,30816.387337733773,31122.315678756477,32387.332650602417,34171.05691049086,35195.233494423795,36625.92889598541,38204.96047535211,40154.50764158918,40822.5847983871,40652.05311400153,39620.03789280471,40670.282173913045,40236.45146712803,40366.8302631579,41213.90911417323,42107.501051625244,43270.976722741434,45158.06423312883,45780.34145858343,46075.6206213705,45983.11678712592,45602.52851584213,45202.01313043478,46113.52996823716,46292.976210957495,48598.58986111111,49843.622440219544,49057.839979006334,48123.0
28,New Mexico,35,5143.869590643275,4290.74,4079.025855263158,3257.204087591241,3482.1005384615382,3954.5252985074626,4572.613430656935,5293.970575539568,5393.221805555555,5142.801843971632,5510.051007194244,5792.499,6917.723673469388,8370.891533742331,9585.959595375722,10739.039602272727,11227.436333333333,10220.762717948719,9745.559686098655,10005.792033195019,10321.212815126051,10717.94804979253,11106.415461538461,11520.232113207547,11602.67520599251,11659.966319702604,12351.887723880596,12824.895661764705,13231.05412811388,13547.751730103808,13970.708419243987,13654.990135135135,14005.893779264214,14250.371589403974,14400.620849673203,14768.450258064517,15324.07142857143,15798.928456790123,15993.926047904191,16700.59577586207,17075.274577656674,17677.185283505154,18174.727086419753,19303.197535885167,19989.629932432435,19878.397890466535,20117.82834572491,20839.121247803163,21549.28579207921,22529.675444785276,22514.564779614328,21875.48390776699,22029.57489548955,21996.156248704665,22330.37227911647,23157.193984600577,23924.065641263944,23931.83724452555,23957.89068661972,24159.441369399832,24368.98100806452,24556.033052792656,24799.343083700445,25115.967391304348,25575.185896193772,25978.95412955466,26538.395826771655,26633.21660930529,27045.02879127726,27874.015865030677,28140.9187334934,27661.817717770038,29307.135183512142,29152.704291272927,29298.29204347826,30216.894769719427,30955.722785458267,31688.902708333335,32406.83913534161,32469.069845752267,32197.0
29,New York,36,14453.01894736842,13296.155389221558,12434.677434210527,10585.913284671535,10330.781692307692,10886.952238805969,11306.256496350366,12470.927769784172,12484.861527777777,12004.942765957447,12733.311151079137,13316.618071428571,14535.976326530612,15386.119815950919,17162.96,18747.608295454545,19594.379333333334,18670.21994871795,16595.35089686099,15765.353817427384,15585.48205882353,16539.823485477176,16519.349,16652.928641509436,17227.240749063672,17346.39312267658,18371.731902985073,19055.933529411766,19254.886619217083,18952.00557093426,19868.632817869417,20207.06608108108,20563.981337792644,21169.545033112583,21523.810130718954,22519.464451612905,23306.209968253967,24214.87064814815,25198.46260479042,26478.057902298853,26907.733269754764,27021.709252577322,27434.249950617286,28423.586267942585,28894.8481981982,28250.998052738338,27734.290613382902,28191.44374340949,28863.36899339934,29544.903726993864,29334.831942148765,28886.99047330097,29180.808228822883,29666.131896373055,30560.75257028113,32498.53554379211,33364.88994423792,34895.53922445256,35940.613089788734,37365.34529163145,38004.19146774193,38270.31488140781,37712.51728340676,38532.55782608696,37991.607564013844,38157.765067476386,39023.49197506562,40016.82499681326,40741.979813084115,42428.31123926381,43641.41014405763,43040.706962833916,42848.0419367589,42134.63748749305,42064.409505434785,43511.6016093171,44590.301607782894,46708.6210515873,49162.78910206326,48518.76473620897,46844.0
30,North Carolina,37,4165.2797660818715,3751.1858682634734,3500.3405263157897,2928.3517518248177,3432.592,4050.5866417910447,4243.761094890511,4583.992014388489,4827.0824999999995,4488.540070921986,4861.809712230216,4964.999142857143,6158.817278911565,7528.537668711656,8593.880982658959,9337.23534090909,9809.108388888888,9527.64317948718,8658.443946188341,8928.656058091285,8734.720714285715,9587.400373443983,9835.696307692308,9957.755094339624,10236.709288389513,10312.131635687734,10950.993134328357,11326.291617647059,10871.910604982208,11172.25553633218,11655.773092783505,11806.78287162162,12118.829197324416,12765.661887417218,13159.671535947713,13903.38170967742,14595.326698412699,15646.633672839507,16218.74026946108,16978.014310344828,17835.21490463215,18163.764046391752,18593.20666666667,20011.47758373206,21091.30641891892,20639.93896551724,20093.902286245357,21054.035289982425,21446.619570957097,22309.215644171778,22047.66607438017,21471.925230582525,21675.553443344335,21542.62725388601,22573.772690763057,24340.347988450434,25220.06052973978,26316.01667883212,27053.191241197186,28038.51696534235,28614.737443548387,28506.993718439175,28162.31294419971,29236.97391304348,29756.059197231836,30300.094109311744,30882.62930446194,31366.977565328238,32331.594741433022,33501.99262576687,33485.02767707083,33879.90231126597,33494.90711462451,33064.21824346859,32889.45486956522,33809.16862361038,34283.07850998463,34789.898829365084,35144.65830367219,34217.82594761801,33564.0
31,North Dakota,38,4792.580935672514,3995.269880239521,2639.369671052632,2756.095766423358,2409.4155384615383,2881.8402985074626,4259.420729927007,3611.630071942446,4856.879305555555,4290.74,4923.5469784172665,5440.045357142857,7720.413129251701,8752.583128834356,11979.349248554912,12567.479943181817,12466.983444444444,11970.064410256411,14373.016950672647,13201.592157676347,10916.147352941178,12106.652282157675,11915.054923076923,10670.179849056603,10734.885093632958,10878.381710037176,11927.616791044775,12272.77838235294,12200.360355871886,13711.067093425607,12378.26883161512,13198.374222972972,11860.523779264215,16480.9880794702,15017.59,14616.198193548387,16774.750190476192,16600.131450617286,16649.09892215569,16762.244339080462,17841.06059945504,17771.18345360825,19435.463037037036,22464.79543062201,29822.57576576577,26632.17931034483,25257.943457249075,23316.288365553602,22752.95872937294,26771.058773006134,24816.55269972452,21076.177366504857,24408.59905390539,24432.763005181347,24525.2839558233,25412.000567853705,25543.06233271376,25693.54618613139,25617.90849471831,23113.052113271344,24839.578298387096,26066.163427697018,25627.878046989725,27053.375652173912,26471.93570934256,27552.514986504724,26864.98758530184,28941.301096239644,27800.25249844237,29965.42257055215,30021.014891956784,31231.205087108017,31639.05909655562,31924.155030572536,33939.9865923913,33703.54691371096,34760.925898617505,34964.42297619048,37127.1456530756,38870.21468813718,38672.0
32,Ohio,39,9672.984035087718,8491.554311377246,7946.337565789474,6263.854014598541,6353.595769230769,7284.651865671642,8080.371678832118,9152.549712230215,9654.164999999999,8535.833829787234,9492.104676258992,10083.239,11981.964421768707,13438.176503067483,15538.4312716763,15992.758181818182,15971.087777777777,14412.485641025642,13478.311076233185,13700.101369294605,13124.616470588237,14314.335933609957,15141.361346153846,15511.429886792454,16263.029513108615,15671.568959107808,16706.668619402983,17210.284338235295,17124.786156583632,16160.797543252596,17059.746323024054,17329.661047297297,17256.23695652174,17866.24354304636,18256.678039215687,19059.19025806452,20077.938920634922,21063.03077160494,21254.57883233533,22292.120459770118,22996.963433242505,22675.676211340207,22926.32434567901,24076.38916267943,25212.92941441442,24948.08561866126,24272.987342007436,25461.6583655536,26590.551270627064,27396.243282208587,27337.214696969702,26304.21493932039,25919.090583058307,25533.237772020726,26207.54697791165,27770.049210779598,28501.91835501859,29230.666250000002,29602.706646126764,30356.169425190194,30839.693750000002,30846.054353481257,30269.87906754773,30952.658260869564,31176.90285813149,31938.79778002699,32218.558523622047,32287.20319311664,33300.68710903427,34436.478944785275,34964.63759903962,35382.408826945415,35089.09509881423,35206.01063924402,35381.115570652175,35479.80878771837,35258.546282642084,35801.926046626984,36022.08485497391,35394.62421331798,35018.0
33,Oklahoma,40,5708.440643274854,4727.521916167665,4248.397171052632,3382.481167883212,3663.6318461538463,4034.5764179104476,4666.571240875913,4954.415611510792,5601.799444444444,5264.524964539007,5386.576474820144,5731.202714285714,6304.76081632653,8239.273742331288,9697.568439306358,11543.553352272727,11561.160555555554,10473.80635897436,9889.867085201795,10174.929087136929,10510.510168067227,10183.831037344396,10644.335769230769,11342.125924528302,11851.763108614232,11628.064907063199,12135.749701492536,12564.611801470588,12650.811708185054,13317.625536332182,13690.557010309278,13886.922027027027,13970.018026755853,14165.125099337749,14407.631862745098,15197.524258064517,16080.058952380952,16666.346574074076,17355.657904191616,18173.99643678161,18694.53204359673,19225.39043814433,19657.94585185185,20632.505741626795,21859.580810810814,21697.39314401623,21832.52927509294,22524.49978910369,23315.852838283827,24306.515628834353,25073.64249311295,24942.52985436893,25968.653586358636,26271.333979274612,25255.48519076306,26196.6402213667,26448.264916356882,26010.65379562044,25427.166971830986,25855.06347421809,26410.542782258064,26614.406411629687,26338.27589574156,26799.54,26850.530415224915,27113.8867071525,27301.381745406823,27553.44223709369,28211.94966978193,29217.833515337425,29557.429537815126,29298.87705574913,30356.198097120272,29883.728087826566,29987.37555978261,31250.397522498675,31990.50954429083,33790.64167162699,33918.537474317796,34255.69075210285,33708.0
34,Oregon,41,8380.743625730993,7797.841856287426,7127.709539473684,5935.001678832117,5908.018923076923,7028.488283582089,7172.112846715329,8458.005467625899,8283.511944444444,8079.372127659574,8812.99474820144,9332.3595,11938.181360544218,14714.8690797546,17125.75705202312,16931.35755681818,16173.706055555554,15171.616564102565,14469.221883408072,14652.610041493774,14458.712100840337,14750.531493775932,15100.10423076923,15479.046943396226,15395.239400749064,14889.98434944238,15834.111417910446,16326.896691176471,15689.449644128114,15633.734325259516,16543.67793814433,16546.890912162162,16854.428528428096,17454.218841059603,17814.984215686276,18581.67241935484,19424.111873015874,20083.046944444446,20560.86637724551,21256.424597701152,21494.619863760217,21785.45824742268,22311.848,23737.64653110048,24811.88051801802,24917.623975659233,24647.82894052045,26064.925852372584,26749.86092409241,27889.809999999998,27821.843732782374,26546.35014563107,25635.873421342134,24739.562031088084,25485.961686746992,26566.24679499519,27010.527314126397,27721.46892335767,28159.86977992958,29128.430211327133,29796.421080645163,29961.314927314463,29622.48767988253,29906.73304347826,30293.515211072667,31009.426970310393,31910.267165354333,32336.427743785855,33209.792928348914,34165.34629447853,34798.51951380552,35320.11585365854,34967.95619424054,35045.018449138406,35179.40415217391,35453.6872895712,35270.629779825904,36407.43970238096,36503.22087661931,35771.27937371983,35210.0
35,Pennsylvania,42,9685.530058479531,9146.727185628743,8468.565789473685,7031.176131386862,6881.686846153846,7716.927910447761,8096.031313868614,9276.024244604316,9475.384166666667,8566.264609929078,9276.024244604316,9960.646428571428,11325.21850340136,12516.851963190184,14211.526127167628,15237.00284090909,15255.964444444444,14181.445794871795,13122.352825112108,12783.20049792531,12664.894327731094,13815.8267219917,14134.68773076923,14483.271433962265,15218.46734082397,14570.970223048329,15329.78936567164,16271.684963235295,16597.987117437722,16064.293010380625,16514.1883161512,16677.35260135135,16746.80127090301,17326.349105960264,17604.65382352941,18422.499806451615,19274.27650793651,20129.397530864197,20849.913233532934,21620.151120689658,22301.3257493188,22542.972912371137,22746.219209876544,24035.329449760768,24971.333693693698,24821.887383367142,24603.964498141268,25638.86818980668,26526.827409240923,27327.14394171779,27260.383264462813,26429.18794902913,26395.839471947194,26426.95667357513,26827.89492971888,27900.13420596728,28800.994098513016,29725.9022080292,30484.65012323944,31415.2531783601,32396.817137096776,32538.38524100995,32298.68711453745,32952.760869565216,32976.34122491349,33098.33986504724,33416.53087926509,33962.20526449968,34876.63180062305,36007.99537423313,36835.71959783914,36801.442758420446,36444.63944099379,36777.771428571425,36971.487679347825,37557.035749073584,37492.89476190476,38709.24293154762,39321.7467324517,38869.2182459139,38827.0
36,Rhode Island,44,10965.224444444444,10123.063233532934,10035.250460526317,9004.290145985402,9225.091,9606.134328358208,10100.464598540148,10973.799064748202,10890.732430555556,10224.742127659574,11112.707913669065,11493.053571428572,13631.126394557823,15122.884233128834,14893.580173410404,15529.553295454545,15232.126999999999,15061.597589743591,14036.299686098655,12756.494647302903,12421.512016806724,13824.72867219917,14167.693423076922,14288.973773584907,14905.098689138576,14730.477286245356,15674.009179104476,15759.004632352942,15452.77181494662,15344.2207266436,16093.96120274914,16191.745202702703,16710.925518394648,17454.218841059603,17892.105359477126,18623.19570967742,19546.704444444444,20612.767932098766,21428.006946107784,22162.658477011497,22593.610490463212,22747.557164948455,22751.516419753087,23737.64653110048,24024.27846846847,23520.740060851927,23303.981933085506,24172.17411247803,24795.662508250825,25313.391733128832,25398.698553719012,25364.313762135924,25524.946699669967,25800.019533678755,26793.43115461848,28323.426650625603,29279.515288104092,30510.841414233582,31445.911857394367,33134.45077768386,34009.304911290325,33147.36172915073,32075.01417767989,32504.725652173915,32866.474525951555,32950.68282051282,33850.109593175854,34351.89962396431,35597.10185046729,36868.77573006135,37829.85263505402,36983.33824041812,38010.96547713157,38607.119722067815,39281.25831521739,40111.2639809423,40052.39916538658,41087.66651785714,41823.65404500777,41394.202839718906,41283.0
37,South Carolina,45,3399.9723391812863,3121.7060479041916,2893.4266447368423,2489.88197080292,2887.998076923077,3378.15723880597,3586.0564233576647,3982.053669064748,4067.263958333333,3803.8475177304963,4259.871366906475,4750.462142857143,5750.1753741496605,7173.16963190184,8035.83676300578,8922.788863636364,8974.797833333332,8581.480000000001,7629.051165919283,8109.6766390041485,7869.361386554622,8234.303941908713,9200.33673076923,9682.500075471698,9907.270449438203,9299.261784386617,9838.282574626865,9938.111029411764,9818.312526690392,9769.228096885814,10262.388453608248,10415.191520270271,10748.375451505017,11380.40642384106,11701.380816993464,12367.019967741935,13335.347492063493,14408.41086419753,15030.436526946109,15843.680747126438,16525.779264305176,16941.787835051546,17343.06513580247,18492.268205741628,19467.78317567568,19404.066592292093,18821.83345724907,19821.107363796134,20122.579339933993,20841.67726993865,20815.408099173557,20292.49245145631,20417.59721672167,20166.478,21055.21260040161,22527.41742059673,23260.11749070632,23994.475784671537,24656.64676056338,25470.601563820794,25664.853693548386,26345.20925784239,25846.82549926579,26247.52391304348,26434.81858131488,27050.19151147099,27412.59187007874,27898.014091778205,28584.883146417447,29671.914895705522,30319.769897959184,30300.548066202093,30128.456956521743,30146.085730961644,30169.265625,30729.103276866066,31128.187245263693,31914.50709325397,32032.277329243472,31397.894455720543,30835.0
38,South Dakota,46,5344.605964912281,4701.828862275449,3401.5405921052634,2959.6710218978105,2128.867153846154,2945.8811940298506,4838.827226277373,3765.9732374100718,4812.184097222222,4868.924822695036,5324.839208633093,5531.989785714286,6932.318027210885,9963.466809815951,10491.231329479768,11933.620625,12943.732333333333,12454.147897435898,12218.026457399104,13584.376016597509,10059.80218487395,11421.202116182572,12352.380346153846,10743.041471698114,11538.39445692884,11620.089553903346,10742.860223880596,11192.20599264706,12742.428932384342,12916.76055363322,11530.442199312714,13553.519932432433,13367.305384615385,14861.304768211921,14162.246405228758,13841.09677419355,15514.770984126984,16553.78086419753,16552.749970059882,17095.146580459772,17507.855994550406,18003.414226804125,18741.52854320988,20863.46662679426,24947.174121621625,22532.91249492901,22598.163178438663,21080.428242530757,22483.902425742574,24174.897837423312,24107.339476584024,21198.54677184466,22305.711628162815,22042.843056994818,21959.88669678715,23991.3898267565,23810.416858736062,24440.775383211683,24960.700079225353,25038.98866441251,25548.934508064518,26653.801117061976,26716.314662261386,27472.357391304347,27563.179273356403,28383.447766531714,27940.488031496065,29720.6898151689,29774.527570093458,31321.08582208589,32251.375540216086,32535.619947735195,33350.75181818182,33065.41077821011,35062.80795652174,36076.060375860245,35949.50262160778,35458.19861111111,37247.17098320649,38052.13562281994,36499.0
39,Tennessee,47,4742.396842105263,4175.12125748503,3909.6545394736845,3100.6077372262775,3366.580615384615,3922.5048507462684,4134.143649635037,4692.032230215827,4976.066527777778,4564.617021276596,4800.072446043166,5210.184285714286,6363.138231292517,7383.758098159508,9027.915375722543,10531.816363636364,10869.874666666667,9593.654564102564,8581.480000000001,8590.381950207468,8572.465840336135,9151.204813278007,9258.096692307692,9536.776830188679,10252.77947565543,10160.599925650558,10622.783544776119,11215.868161764707,11268.918576512457,11224.219515570936,11781.103986254295,11727.056283783784,12126.004347826087,12580.961158940398,13005.429248366014,13598.877580645161,14493.166222222222,15441.366790123457,15884.730568862276,16897.87117816092,17344.176539509535,17632.950850515466,18280.671283950618,19544.423349282297,20767.568153153155,20435.410791075054,20006.17340148699,21016.33107205624,21623.630297029704,22687.616794478527,22511.609724517908,21659.38474514563,21703.875159515952,21553.74316062176,22134.359558232936,23648.626188642927,24418.537537174725,25437.11966240876,26267.56279049296,27039.27869822485,27479.767508064517,27610.764169854632,27570.05220998532,28808.817391304347,29309.168975778546,29959.903859649123,30688.363517060367,30696.976736775017,31176.703975077882,32346.388417177914,32932.58846338536,32690.106521486647,32778.97618859402,32970.00799888827,33231.081722826086,33769.41851773425,33794.24612391193,34387.641954365085,34743.19426840679,34121.17105195933,33512.0
40,Texas,48,6009.545204678362,5292.769101796407,4911.768157894738,4165.462919708029,4241.231461538461,4707.005820895522,5105.04102189781,5741.5657553956835,6227.532361111111,6147.017588652482,6436.11,6711.943285714286,7705.818775510204,9463.319202453988,11706.527630057803,12738.134375,12610.00811111111,11518.986615384616,11034.705784753363,10806.96755186722,11718.40756302521,12133.358132780082,12278.117538461538,12661.730867924529,12840.079625468165,12999.825650557623,13584.674962686566,14071.103235294118,14170.130676156585,13889.22930795848,14361.445910652921,14169.58902027027,14500.9791638796,14768.95440397351,15108.733169934641,15806.532516129033,16570.42923809524,17414.577469135802,18242.068263473055,19141.878879310345,19717.52863760218,20159.842835051546,20452.527333333335,21515.28956937799,22627.855202702707,22602.539107505072,22881.288215613386,23987.42344463972,24707.15714521452,26033.999141104294,26385.68695592287,25924.088701456312,26884.38907590759,26591.47209326425,26500.489066265065,27660.61262752647,28304.52836431227,27727.341286496354,27357.244559859155,27790.067523245983,28241.027830645162,28656.365309869932,28589.181718061678,29276.731304347824,29433.882525951558,29806.456342780028,30302.647388451445,30843.283040152965,32403.77541433022,33961.33871779141,34586.04289315726,34723.34916957027,34547.60419536985,33742.77051139522,33730.11344021739,34516.7205082054,35644.11969278033,36702.21524305556,37269.93440788649,36837.472552635125,35674.0
41,Utah,49,6912.858888888888,6397.570419161677,5208.167960526316,4776.188686131388,4917.848153846154,4963.169402985074,6091.598029197081,7146.088561151079,6614.890833333333,6755.633191489362,7068.916978417266,7355.554285714286,8669.046122448979,11582.365644171778,13963.506473988438,12786.89278409091,13360.887611111111,12036.075794871796,11352.18206278027,11189.75141078838,11375.86949579832,11999.828879668048,12740.19723076923,12920.79441509434,12888.290187265919,12545.230520446099,13336.516492537312,13866.031102941177,14215.939288256228,14015.427543252597,14523.63883161512,14749.41875,15003.239698996656,15841.63940397351,15992.120816993463,16512.428451612905,16985.881841269842,17249.03966049383,17477.699910179643,17878.083333333336,18139.19103542234,18749.870283505155,19377.19372839506,20422.07471291866,20902.86175675676,20639.93896551724,20536.534386617102,21638.45066783831,22402.477491749174,23168.021733128833,23008.058980716258,22036.90737864078,21925.728602860287,21802.73947150259,22257.136757028115,23194.361126082775,23619.008382899632,23974.901240875915,23867.241250000003,23858.40043956044,24182.126201612904,24615.125110941088,24668.604676945673,25007.399130434784,25285.672297577854,25929.735114709852,26546.84216535433,27285.441905672404,28278.783626168224,29342.870417177914,29988.821464585835,29784.762247386763,30162.375849802374,29825.293885491938,29372.913608695653,29720.58630492324,30653.63535586277,31480.325069444447,32085.047086456194,31141.808804336215,30107.0
42,Vermont,50,7954.178830409356,7399.599520958084,6690.166973684211,5715.766788321169,5577.9619999999995,6131.915746268656,6483.08890510949,7269.56309352518,7225.725347222222,6953.433262411348,7578.249424460431,7907.220857142857,9384.169455782314,10200.378834355828,11557.715838150289,11616.69096590909,12335.877499999999,11992.068205128206,10842.295919282513,10611.124647302904,10140.92962184874,10406.37979253112,11007.398384615384,11172.115471698113,11506.254082397005,11612.114200743496,12199.790597014924,13053.629963235295,13131.802135231317,12857.373148788929,13506.246872852234,13937.657128378378,14307.250100334448,14719.227284768212,14919.435816993464,15681.962645161291,16727.0753015873,18070.107191358024,18531.11511976048,19283.670574712647,19805.2140599455,20093.49118556701,20426.041283950617,21433.170143540672,21975.54675675676,21188.248539553755,20704.01680297398,21691.236572934973,21874.985528052806,23151.569509202454,23206.04767217631,22656.5652184466,22933.509669966996,22869.866518134713,23624.917831325307,24877.2066987488,25907.934739776956,27095.083521897814,28312.840704225353,29373.252654268807,30306.81152419355,29636.30860749809,28696.292701908962,29501.51347826087,29374.495121107266,29752.894473684213,30067.557631233598,30485.037699171447,31227.497781931466,32645.16080368098,33338.22564825931,33514.865487804884,34088.48774703558,34167.31287937743,34522.967570652174,35479.80878771837,35064.111827956986,36601.118938492065,37267.86500564285,36808.57572815985,36752.0
43,Virginia,51,5444.974152046783,4933.066347305389,5222.282236842106,4447.336350364964,4703.3111538461535,5123.271641791044,5480.872262773723,6019.38345323741,6302.024375,5934.002127659574,6575.018848920863,7156.341357142857,8493.91387755102,10331.996625766871,10454.028381502889,10970.642045454546,11322.78611111111,11023.901230769232,9764.80067264574,10219.438838174272,10204.0287394958,11189.75141078838,11717.020769230769,12224.561132075472,12317.798539325842,12393.698810408923,13104.368246268656,13503.211176470588,13269.22797153025,13243.391280276817,13896.984364261169,14031.87945945946,14386.176755852843,15067.317119205298,15550.426993464052,16630.07777419355,17455.820031746032,18182.672901234568,19057.8227245509,20048.112758620693,20798.982179836512,20983.709149484537,21676.182814814816,23024.234019138756,24024.27846846847,23864.52146044625,23662.872825278813,24635.935992970124,25461.22283828383,26455.17607361963,26580.720592286507,26494.27805825243,26648.37477447745,26844.914766839378,27863.962168674705,29523.099384023102,30477.81210037175,31783.18676094891,32732.000739436622,33651.298157227386,34222.11177419355,33712.019173680186,33223.306930983854,33587.35,33810.73426297578,34321.57714574899,34427.276062992125,34860.55331421288,35780.226890965736,37304.4306196319,38360.40031812725,38823.47267131243,39669.35708074534,39633.89213451917,40168.555364130436,41209.50262043409,42076.93419354838,43252.19160714286,43981.00588399842,43254.56047059261,43211.0
44,Washington,53,9296.603333333333,8453.014730538922,7537.023552631579,6295.173284671534,6205.0701538461535,7092.529179104477,7673.221167883213,8782.126115107914,8924.14326388889,8855.357021276595,9476.67035971223,10083.239,12609.52163265306,15741.487852760736,18217.04352601156,18613.522670454546,16912.666833333333,15413.658307692309,14469.221883408072,14456.767136929459,14377.584663865548,15320.25630705394,15463.166846153847,15972.88683018868,16600.503445692884,16564.808513011154,16938.81686567164,17131.41044117647,17269.846761565837,16932.833806228376,17546.325085910652,17655.815270270272,18189.00652173913,19038.382781456952,19175.120751633985,19778.927290322583,20963.329714285715,22413.819290123458,22905.35754491018,23734.69683908046,23949.811689373295,23250.72384020619,23207.0764691358,24281.68772727273,25667.129369369373,25757.494989858013,26051.491096654277,27075.398892794376,27726.960132013202,29242.182806748464,29447.124035812678,28413.13447815534,28092.782299229923,27636.367326424872,28268.91152610442,28951.138373436,29385.188717472123,30383.60687956205,30783.037852112677,31319.137700760777,32301.659596774196,32871.598791124714,32922.45107929516,33513.95173913043,33277.73230449827,33467.482476383266,33613.612112860894,34576.14479923518,35845.7241682243,37684.806036809816,39136.90578631453,39279.45723577236,38828.653083003956,38406.77388549194,38399.791076086956,39731.93439915299,39258.18385048643,40946.131691468254,42197.181149984084,41440.03918199003,40619.0
45,West Virginia,54,5771.1707602339175,5241.382994011976,5024.682368421053,4024.5262043795624,4274.237153846154,5011.200074626865,5277.297007299271,6019.38345323741,6227.532361111111,5629.694326241135,5988.514820143885,6236.8970714285715,7267.988163265306,8068.170613496932,9164.326184971098,9995.473863636364,10583.825333333332,10176.75512820513,9928.349058295966,9881.164730290455,9221.485336134454,9400.459419087136,9753.182076923076,10095.382603773585,10252.77947565543,9769.807620817845,10550.737537313433,11649.674595588236,12169.821281138791,11513.733114186853,11773.731580756013,11777.791385135135,11989.676488294315,12517.026291390728,12991.407222222222,13661.162516129032,14479.544825396826,15037.454537037038,15525.027814371259,15862.175316091956,16356.254114441415,17234.840953608247,17893.974962962962,18897.732870813397,19453.287432432437,19395.363265720083,19834.70330855019,20658.14100175747,21428.918498349834,22055.85139570552,21961.969476584025,21276.65490291262,20925.027964796478,20984.608735751295,20734.26869477912,21509.450712223294,21804.61553903346,22440.25700729927,22567.932658450707,23045.952628909552,23407.024782258064,23930.64210405509,23972.38328193833,24646.524347826085,24829.873965397925,25207.373690958168,25216.54383858268,25386.194659018485,25915.53492834891,26647.338049079757,26998.69593037215,27303.010191637633,28265.340604178433,28743.664874930513,28712.97914130435,28942.619947061936,28971.83224782386,30200.12660218254,30802.0176954018,31153.76611101564,31843.0
46,Wisconsin,55,8443.473742690057,7553.757844311377,6619.595592105264,5668.787883211679,5495.447769230769,6083.885074626865,7219.091751824819,7994.975971223022,8209.019930555556,7714.202765957447,7917.804388489209,8382.267071428572,9807.405714285715,11398.100736196318,13058.234739884392,13518.268920454546,14087.929666666667,13323.297794871796,12468.159282511211,12765.396597510373,12502.639453781514,13406.337012448132,14324.470461538462,14564.22879245283,14776.537191011235,14148.27650557621,15009.5848880597,15695.905514705883,15727.623487544484,15403.60813148789,16403.602233676975,16365.694121621622,16531.546755852843,17134.54450331126,17233.070130718956,18104.15458064516,18995.037873015874,20030.074845679013,20425.97784431138,21213.270603448276,21927.20128065395,22023.21832474227,22449.575456790124,23583.672607655502,24787.72094594595,24465.05099391481,24169.307750929373,25148.713356766257,26257.77110561056,27284.368159509202,27425.866349862263,26455.22399271845,25975.73401540154,25771.118176165804,25946.914678714864,27218.736612127046,27604.69112453532,28441.8121350365,29004.042658450708,29380.50665257819,29929.641637096775,29808.660443764347,29472.84733480177,30386.88,30642.416214532874,31411.86479757085,31776.53347112861,32206.52962396431,33136.27557632399,34543.08935582822,35271.11902761104,35173.10443670151,35325.31596273292,35582.85161756531,35744.895701086956,36005.64590259396,35838.55414746543,36751.167137896824,37082.65350483742,36463.80671890313,35676.0
47,Wyoming,56,8468.565789473683,7515.218263473054,6718.39552631579,5856.703503649635,6122.555923076923,6580.202014925373,7767.178978102191,8504.308417266187,9043.33048611111,8535.833829787234,9059.94381294964,9225.091,11369.00156462585,12424.719509202454,14261.130057803468,14920.073181818181,14993.752555555555,14984.584307692308,14488.462869955158,14332.139834024894,14846.320966386556,15302.452406639002,16131.532115384614,15479.046943396226,15523.800898876405,14818.20617100372,15313.779141791043,15861.540698529412,16277.326832740215,16123.680415224915,16794.339725085913,16757.07918918919,17127.08424749164,17773.893178807946,17772.918137254903,17910.379225806453,18681.745746031746,19242.11487654321,20047.005299401197,20436.498706896553,20950.970245231605,21669.342860824745,22613.788962962964,24168.773516746412,26140.656981981985,26858.46580121704,26721.420762081787,27192.281968365554,28859.828778877887,30877.533865030673,31240.842479338848,30600.162148058254,30396.28188118812,29459.376031088083,27405.163162650606,27860.90222329163,28396.24492565056,27412.191131386866,26805.793820422536,27144.461673710906,28344.836056451615,29539.463289977048,29718.572533039653,29894.5,30119.807051903113,30337.732179487182,30285.75471128609,30215.67001912046,31839.69682242991,32808.36686503068,33991.108355342134,33924.753252032526,35278.07178994919,35570.92627015008,36779.10395652174,38297.523435680254,40296.266108550946,44214.20275793651,44960.86784636012,45016.27032136106,42504.0
